Hydrofly Data,Version 0,4/9/2019
Pressure 0,Pressure 1,Distance
,1554837408.9284866,1.4303598403930664,0,0,0,0,0,0,19.689375000000013,20.27906249999998,19.515937500000007
